{"BBQ_scan_camcoord": [[0.9989829107564298, 0.03367618890797693, -0.029984301180211045, 0.0008183751635392625], [0.03414262169451401, -0.1305975871406019, 0.9908473906797644, -0.005059823133706893], [0.02945208652127451, -0.9908633531086326, -0.13161455111748036, 1.4054905296083466], [0.0, 0.0, 0.0, 1.0]], "Gym_scan_camcoord": [[0.9932599733260449, -0.07628732032461205, 0.0872632233306122, -0.047601130084306706], [-0.10233962102690007, -0.22374853741942266, 0.9692590953768503, -0.04091804681182174], [-0.05441716049582774, -0.9716567484252654, -0.23004768176013274, 1.537911791136788], [0.0, 0.0, 0.0, 1.0]], "Gym_scan_table_camcoord": [[0.9974451989415423, -0.06250743213795668, 0.03458172980064169, 0.02231858470834599], [-0.04804912583358893, -0.22882402250236075, 0.972281259838159, 0.039081886755815726], [-0.05286167435026744, -0.9714588965331274, -0.2312428501197992, 1.5421821446346522], [0.0, 0.0, 0.0, 1.0]], "LectureHall_scan_chair_scene_camcoord": [[0.9992930513998263, 0.030087515976743376, -0.0225419343977731, 0.001998908749589632], [0.030705594681969043, -0.30721111058653017, 0.9511458878570781, -0.025811963513866963], [0.021692484396004613, -0.9511656401040444, -0.307917783192506, 2.060346184503773], [0.0, 0.0, 0.0, 1.0]], "LectureHall_scan_yoga_scene_camcoord": [[0.9993358324246812, 0.03030060260429296, -0.020242715082476024, -0.003510046042036605], [0.028600729415016745, -0.3079667078507395, 0.9509671419836329, -0.01748548118379142], [0.022580795137075255, -0.9509144968594153, -0.3086287856852993, 2.0424701474796567], [0.0, 0.0, 0.0, 1.0]], "ParkingLot1_scan_camcoord": [[0.9989627324729327, -0.03724260727951709, 0.02620013994738054, 0.0070941466745699025], [-0.03091587075252664, -0.13228243926883107, 0.9907298144280939, -0.0274920377236923], [-0.03343154297742938, -0.9905121627037764, -0.13329661462331338, 1.3859200914120975], [0.0, 0.0, 0.0, 1.0]], "ParkingLot2_scan_camcoord": [[0.9989532636786039, -0.04044665659892979, 0.021364572447267097, 0.01646827411554571], [-0.026687287930043047, -0.13600581518076985, 0.9903485279940424, 0.030197722289598695], [-0.03715058073335097, -0.9898820567153364, -0.13694286452455984, 1.4372015171546513], [0.0, 0.0, 0.0, 1.0]], "Pavallion_scan_camcoord": [[0.9971864096076799, 0.05693557331723671, -0.048760690979605295, 0.0012478238054067193], [0.05746407703876882, -0.16289761936471214, 0.9849681443861059, -0.006002953831755452], [0.04813672552068054, -0.9849988355812122, -0.16571104235928033, 1.7638454838942128], [0.0, 0.0, 0.0, 1.0]]}